Workbook

Sheet 工程維修單 房務部查閱用
A1: 報修單編號 | B1: 報修日期 | C1: YYYYMM | D1: 報修人 | E1: 反應單位 | F1: 維修地點 | G1: (備註/詳細說明) | H1: 類型 | I1: 上傳圖片 | J1: 優先順序 | K1: 物件 | L1: 檢查處理狀態 | M1: 維修人員 | N1: 完工時間 | O1: 處理狀態 | P1: 待修天數 | Q1: 處理說明 | R1: 驗收說明 | S1: 上傳圖片 | T1: 進度 | U1: 報修日期+1天 | V1: 現在日期時間 | W1: 報修日期+4H | X1: 提醒日期欄位 | Y1: 提醒日期欄位+4H | Z1: 工作性質 | AA1: 待修工時 | AB1: 維修時數 | AC1: 維修費用 | AD1: 委外費用 | AE1: 狀態 | AF1: 結案時間 | AG1: 維修工時 | AH1: 客戶費用(其它用途) | AI1: 比對 | AJ1: Time
A2: In202605-086 | B2: 46153.595 | C2: =TEXT(B2,"YYYYMM") -> 202605 | D2: Ann | E2: 房務部 | F2: 813 | G2: 房內有點悶熱，麻煩調整（補單） | H2: 空調 | J2: 有預進客人 | K2: 主機 | M2: 朱欽光 | O2: 待辦驗 | Q2: 已調整 | U2: 46154 | V2: 46153.625 | W2: 46153 | AA2: 0 | AG2: 0 | AI2: =VLOOKUP(A2,'4月明細'!B:B,1,0) -> #N/A
A3: In202605-085 | B3: 46153.5 | C3: =TEXT(B3,"YYYYMM") -> 202605 | D3: Ann | E3: 房務部 | F3: 813 | G3: 冷氣出風口有黏膠帶_x000D_ 請幫忙移除 | H3: 空調 | I3: IMG_1215.jpeg | J3: 有預進客人 | K3: 主機 | M3: 吳友仁 | O3: 待辦驗 | Q3: 已移除 | U3: 46154 | V3: 46153.624 | W3: 46153 | AA3: 0 | AG3: 0 | AI3: =VLOOKUP(A3,'4月明細'!B:B,1,0) -> #N/A
A4: In202605-084 | B4: 46153.469 | C4: =TEXT(B4,"YYYYMM") -> 202605 | D4: Ann | E4: 房務部 | F4: 806 | G4: 門鈴只有單音 | H4: 內裝 | J4: 空房 | K4: 門 | M4: 吳友仁 | O4: 待辦驗 | Q4: 工單取消 | U4: 46154 | V4: 46153.626 | W4: 46153 | AA4: 0 | AG4: 0 | AI4: =VLOOKUP(A4,'4月明細'!B:B,1,0) -> #N/A
A5: In202605-083 | B5: 46153.381 | C5: =TEXT(B5,"YYYYMM") -> 202605 | D5: 車道哨 | E5: 工程部 | F5: B1 後場 | G5: 昨天修好，今天早上門把又壞掉了 | H5: 內裝 | I5: 1000015999.jpg | J5: 一般 | K5: 門 | O5: 待修中 | U5: 46154 | V5: 46153.533 | W5: 46153 | AA5: 0 | AG5: 0 | AI5: =VLOOKUP(A5,'4月明細'!B:B,1,0) -> #N/A
A6: In202605-082 | B6: 46152.79 | C6: =TEXT(B6,"YYYYMM") -> 202605 | D6: Andy | E6: 客人反應 | F6: 730 | G6: 730 的客人說房間溫度偏低 請協助前往查看 | H6: 空調 | J6: 客人在房內 | K6: 主機 | M6: 吳友仁 | O6: 待辦驗 | Q6: 已調整 | U6: 46153 | V6: 46153.533 | W6: 46152 | AA6: 0 | AG6: 0 | AI6: =VLOOKUP(A6,'4月明細'!B:B,1,0) -> #N/A
A7: In202605-081 | B7: 46152.652 | C7: =TEXT(B7,"YYYYMM") -> 202605 | D7: Ann | E7: 房務部 | F7: 607 | G7: 房門要黏貼木皮 | H7: 內裝 | I7: IMG_1199.jpeg | J7: 空房 | K7: 門 | O7: 待修中 | U7: 46153 | V7: 46153.533 | W7: 46152 | X7: 46153 | AA7: 0 | AG7: 0 | AI7: =VLOOKUP(A7,'4月明細'!B:B,1,0) -> #N/A
A8: In202605-080 | B8: 46151.706 | C8: =TEXT(B8,"YYYYMM") -> 202605 | D8: 姿婷 | E8: 房務部 | F8: 911 | G8: 911 馬桶零件鬆動 補單 | H8: 衛厠 | I8: 1000009947.jpg | J8: 空房 | K8: 馬桶 | M8: 李宗銘 | O8: 待辦驗 | Q8: 已修復 | U8: 46152 | V8: 46153.533 | W8: 46151 | AA8: 0 | AG8: 0 | AI8: =VLOOKUP(A8,'4月明細'!B:B,1,0) -> #N/A
A9: In202605-079 | B9: 46151.704 | C9: =TEXT(B9,"YYYYMM") -> 202605 | D9: Kevin | E9: 客人反應 | F9: 707 | G9: 已請ENG調整過 但客人還是覺得房間太冷 | H9: 空調 | J9: 空房 | K9: 主機 | M9: 李宗銘 | O9: 待辦驗 | Q9: 已調整 | U9: 46152 | V9: 46153.533 | W9: 46151 | AA9: 0 | AG9: 0 | AI9: =VLOOKUP(A9,'4月明細'!B:B,1,0) -> #N/A
A10: In202605-078 | B10: 46151.683 | C10: =TEXT(B10,"YYYYMM") -> 202605 | D10: 姿婷 | E10: 房務部 | F10: 1016 | G10: 1016 溫度一直在24度下不去 很熱 | H10: 空調 | I10: 1000009945.jpg | J10: 空房 | K10: 主機 | M10: 李宗銘 | O10: 待辦驗 | Q10: 已調整 | U10: 46152 | V10: 46153.533 | W10: 46151 | AA10: 0 | AG10: 0 | AI10: =VLOOKUP(A10,'4月明細'!B:B,1,0) -> #N/A
A11: In202605-077 | B11: 46151.683 | C11: =TEXT(B11,"YYYYMM") -> 202605 | D11: 姿婷 | E11: 房務部 | F11: 1016 | G11: 1016 淋浴間門把鬆動 | H11: 衛厠 | I11: 1000009946.jpg | J11: 空房 | K11: 淋浴間 | M11: 李宗銘 | O11: 待辦驗 | Q11: 已修復 | U11: 46152 | V11: 46153.533 | W11: 46151 | AA11: 0 | AG11: 0 | AI11: =VLOOKUP(A11,'4月明細'!B:B,1,0) -> #N/A
A12: In202605-076 | B12: 46151.625 | C12: =TEXT(B12,"YYYYMM") -> 202605 | D12: 姿婷 | E12: 房務部 | F12: 921 | G12: 921 浴缸旁大理石需填縫 有點刮手 | H12: 衛厠 | I12: 1000009940.jpg : https://ap12.ragic.com/sims/file.jsp?a=soutlet001&f=9jedqImoeM%401000009940.jpg 1000009938.jpg : https://ap12.ragic.com/sims/file.jsp?a=soutlet001&f=i9A4AVRbkp%401000009938.jpg | J12: 空房 | K12: 淋浴間 | M12: 李宗銘 | O12: 待辦驗 | Q12: 已修復 | U12: 46152 | V12: 46153.533 | W12: 46151 | AA12: 0 | AG12: 0 | AI12: =VLOOKUP(A12,'4月明細'!B:B,1,0) -> #N/A
A13: In202605-075 | B13: 46151.582 | C13: =TEXT(B13,"YYYYMM") -> 202605 | D13: Ann | E13: 房務部 | F13: 513 | G13: 冰箱不冷 | H13: 凍&藏類設備 | J13: 空房 | K13: 冰箱 (冷凍 & 藏) | M13: 吳友仁 | O13: 待辦驗 | Q13: 工單取消 | U13: 46152 | V13: 46153.533 | W13: 46151 | AA13: 0 | AG13: 0 | AI13: =VLOOKUP(A13,'4月明細'!B:B,1,0) -> #N/A
A14: In202605-074 | B14: 46151.518 | C14: =TEXT(B14,"YYYYMM") -> 202605 | D14: 姿婷 | E14: 房務部 | F14: 912 | G14: 912 淋浴間門把鬆動 | H14: 衛厠 | I14: 1000009935.jpg | J14: 空房 | K14: 淋浴間 | M14: 李宗銘 | O14: 待辦驗 | Q14: 已固定 | U14: 46152 | V14: 46153.533 | W14: 46151 | AA14: 0 | AG14: 0 | AI14: =VLOOKUP(A14,'4月明細'!B:B,1,0) -> #N/A
A15: In202605-073 | B15: 46151.517 | C15: =TEXT(B15,"YYYYMM") -> 202605 | D15: Eric | E15: 房務部 | F15: 819 | G15: 浴缸出水龍頭會滴水 | H15: 給&排水 | I15: 2192.jpg | J15: 空房 | K15: 漏水 | M15: 朱欽光 | O15: 待辦驗 | U15: 46152 | V15: 46153.573 | W15: 46151 | AA15: 0 | AG15: 0 | AI15: =VLOOKUP(A15,'4月明細'!B:B,1,0) -> #N/A
A16: In202605-072 | B16: 46151.512 | C16: =TEXT(B16,"YYYYMM") -> 202605 | D16: Eric | E16: 房務部 | F16: 819 | G16: 浴室天花板吸水 | H16: 給&排水 | J16: 空房 | K16: 漏水 | M16: 李宗銘 | O16: 待辦驗 | Q16: 已處理 | U16: 46152 | V16: 46153.533 | W16: 46151 | AA16: 0 | AG16: 0 | AI16: =VLOOKUP(A16,'4月明細'!B:B,1,0) -> #N/A
A17: In202605-071 | B17: 46151.471 | C17: =TEXT(B17,"YYYYMM") -> 202605 | D17: Annya | E17: 房務部 | F17: 706 | G17: 門鈴沒有聲音 | H17: 內裝 | J17: 有預進客人 | K17: 門 | M17: 李宗銘 | O17: 待辦驗 | Q17: 已修復 | U17: 46152 | V17: 46153.533 | W17: 46151 | AA17: 0 | AG17: 0 | AI17: =VLOOKUP(A17,'4月明細'!B:B,1,0) -> #N/A
A18: In202605-070 | B18: 46151.471 | C18: =TEXT(B18,"YYYYMM") -> 202605 | D18: 姿婷 | E18: 房務部 | F18: 1018 | G18: 1018 馬桶按壓零件鬆動 有預進 | H18: 衛厠 | I18: 1000009931.jpg | J18: 有預進客人 | K18: 馬桶 | M18: 李宗銘 | O18: 待辦驗 | Q18: 已修復 | U18: 46152 | V18: 46153.533 | W18: 46151 | AA18: 0 | AG18: 0 | AI18: =VLOOKUP(A18,'4月明細'!B:B,1,0) -> #N/A
A19: In202605-069 | B19: 46151.468 | C19: =TEXT(B19,"YYYYMM") -> 202605 | D19: Ann | E19: 房務部 | F19: 522 | G19: 淋浴間天花板斑駁 | H19: 內裝 | I19: IMG_1174.jpeg : https://ap12.ragic.com/sims/file.jsp?a=soutlet001&f=WMXoPaY43e%40IMG_1174.jpeg IMG_1175.jpeg : https://ap12.ragic.com/sims/file.jsp?a=soutlet001&f=iVxS0Aearf%40IMG_1175.jpeg IMG_1176.jpeg : https://ap12.ragic.com/sims/file.jsp?a=soutlet001&f=BctIMvXZmw%40IMG_1176.jpeg | J19: 有預進客人 | K19: 天花板 | M19: 李宗銘 | O19: 待辦驗 | Q19: 已補漆 | U19: 46152 | V19: 46153.533 | W19: 46151 | AA19: 0 | AG19: 0 | AI19: =VLOOKUP(A19,'4月明細'!B:B,1,0) -> #N/A
A20: In202605-068 | B20: 46151.451 | C20: =TEXT(B20,"YYYYMM") -> 202605 | D20: Ann | E20: 房務部 | F20: 501 | G20: 客廳冷氣面板顯示錯誤 | H20: 空調 | I20: IMG_1173.jpeg | J20: 空房 | K20: 主機 | O20: 待修中 | U20: 46152 | V20: 46153.533 | W20: 46151 | X20: 46153 | AA20: 0 | AG20: 0 | AI20: =VLOOKUP(A20,'4月明細'!B:B,1,0) -> #N/A
A21: In202605-067 | B21: 46151.383 | C21: =TEXT(B21,"YYYYMM") -> 202605 | D21: FO | E21: 客人反應 | F21: 707 | G21: 客人5/9早上反應冷氣太冷 溫度一直上不來 | H21: 空調 | J21: 客人在房內 | K21: 主機 | M21: 李宗銘 | O21: 待辦驗 | Q21: 已調整 | U21: 46152 | V21: 46153.533 | W21: 46151 | AA21: 0 | AG21: 0 | AI21: =VLOOKUP(A21,'4月明細'!B:B,1,0) -> #N/A
A22: In202605-066 | B22: 46150.818 | C22: =TEXT(B22,"YYYYMM") -> 202605 | D22: Annya | E22: 房務部 | F22: 909 | G22: 止水條斷裂 | H22: 衛厠 | I22: IMG_1582.jpeg | J22: 空房 | K22: 淋浴間 | O22: 待修中 | U22: 46151 | V22: 46153.533 | W22: 46150 | X22: 46153 | AA22: 0 | AG22: 0 | AI22: =VLOOKUP(A22,'4月明細'!B:B,1,0) -> #N/A
A23: In202605-065 | B23: 46150.706 | C23: =TEXT(B23,"YYYYMM") -> 202605 | D23: Annya | E23: 房務部 | F23: 531 | G23: 床頭右球燈不亮 | H23: 照明 | I23: IMG_1600.jpeg | J23: 空房 | K23: 燈具 | M23: 李宗銘 | O23: 待辦驗 | Q23: 已修復 | U23: 46151 | V23: 46153.533 | W23: 46150 | AA23: 0 | AG23: 0 | AI23: =VLOOKUP(A23,'4月明細'!B:B,1,0) -> #N/A
A24: In202605-064 | B24: 46150.705 | C24: =TEXT(B24,"YYYYMM") -> 202605 | D24: Annya | E24: 房務部 | F24: 531 | G24: 客房門房擋片補貼皮 | H24: 內裝 | I24: IMG_1599.jpeg | J24: 空房 | K24: 門 | M24: 李宗銘 | O24: 待辦驗 | Q24: 已修復 | U24: 46151 | V24: 46153.533 | W24: 46150 | AA24: 0 | AG24: 0 | AI24: =VLOOKUP(A24,'4月明細'!B:B,1,0) -> #N/A
A25: In202605-063 | B25: 46150.696 | C25: =TEXT(B25,"YYYYMM") -> 202605 | D25: Annya | E25: 房務部 | F25: 531 | G25: 客房門補貼皮 | H25: 內裝 | I25: IMG_1599.jpeg | J25: 空房 | K25: 門 | M25: 李宗銘 | O25: 待辦驗 | Q25: 已處理 | U25: 46151 | V25: 46153.533 | W25: 46150 | AA25: 0 | AG25: 0 | AI25: =VLOOKUP(A25,'4月明細'!B:B,1,0) -> #N/A
A26: In202605-062 | B26: 46150.617 | C26: =TEXT(B26,"YYYYMM") -> 202605 | D26: Annya | E26: 房務部 | F26: 825 | G26: ‼️同樣問題，第二次呈報工單_x000D_ 天花板二側層板燈：不亮 | H26: 照明 | I26: IMG_1594.jpeg : https://ap12.ragic.com/sims/file.jsp?a=soutlet001&f=hBqc3HKTlQ%40IMG_1594.jpeg IMG_1593.jpeg : https://ap12.ragic.com/sims/file.jsp?a=soutlet001&f=P092p3Nkow%40IMG_1593.jpeg | J26: 空房 | K26: 燈具 | O26: 待修中 | U26: 46151 | V26: 46153.533 | W26: 46150 | X26: 46153 | AA26: 0 | AG26: 0 | AI26: =VLOOKUP(A26,'4月明細'!B:B,1,0) -> #N/A
A27: In202605-061 | B27: 46150.556 | C27: =TEXT(B27,"YYYYMM") -> 202605 | D27: Kevin | E27: 客人反應 | F27: 813 | G27: 空調太熱 | H27: 空調 | J27: 空房 | K27: 分離式冷氣 | O27: 待修中 | U27: 46151 | V27: 46153.533 | W27: 46150 | X27: 46153 | AA27: 0 | AG27: 0 | AI27: =VLOOKUP(A27,'4月明細'!B:B,1,0) -> #N/A
A28: In202605-060 | B28: 46150.543 | C28: =TEXT(B28,"YYYYMM") -> 202605 | D28: Annya | E28: 房務部 | F28: 909 | G28: 止水條斷裂 | H28: 衛厠 | I28: IMG_1582.jpeg | J28: 空房 | K28: 淋浴間 | M28: 黃梓灃 | O28: 待辦驗 | U28: 46151 | V28: 46153.533 | W28: 46150 | AA28: 0 | AG28: 0 | AI28: =VLOOKUP(A28,'4月明細'!B:B,1,0) -> #N/A
A29: In202605-059 | B29: 46150.537 | C29: =TEXT(B29,"YYYYMM") -> 202605 | D29: Annya | E29: 房務部 | F29: 909 | G29: 浴簾卡住 | H29: 衛厠 | I29: IMG_1581.jpeg | J29: 空房 | K29: 浴簾 | M29: 李宗銘 | O29: 待辦驗 | Q29: 已修復 | U29: 46151 | V29: 46153.533 | W29: 46150 | AA29: 0 | AG29: 0 | AI29: =VLOOKUP(A29,'4月明細'!B:B,1,0) -> #N/A
A30: In202605-058 | B30: 46150.516 | C30: =TEXT(B30,"YYYYMM") -> 202605 | D30: Annya | E30: 房務部 | F30: 507 | G30: 電視遙控器無法開啟關閉電視 | H30: 會議設備 | J30: 空房 | K30: 電視 | O30: 待修中 | U30: 46151 | V30: 46153.533 | W30: 46150 | X30: 46153 | AA30: 0 | AG30: 0 | AI30: =VLOOKUP(A30,'4月明細'!B:B,1,0) -> #N/A
A31: In202605-057 | B31: 46150.5 | C31: =TEXT(B31,"YYYYMM") -> 202605 | D31: Annya | E31: 房務部 | F31: 505 | G31: 電視只能on/off，其他選項無法操作 | H31: 會議設備 | J31: 空房 | K31: 電視 | O31: 待修中 | U31: 46151 | V31: 46153.533 | W31: 46150 | X31: 46153 | AA31: 0 | AG31: 0 | AI31: =VLOOKUP(A31,'4月明細'!B:B,1,0) -> #N/A
A32: In202605-056 | B32: 46150.47 | C32: =TEXT(B32,"YYYYMM") -> 202605 | D32: Kevin | E32: 客人反應 | F32: 507 | G32: 電視遙控器 不能使用 | H32: 會議設備 | J32: 空房 | K32: 電視 | O32: 待修中 | U32: 46151 | V32: 46153.533 | W32: 46150 | X32: 46153 | AA32: 0 | AG32: 0 | AI32: =VLOOKUP(A32,'4月明細'!B:B,1,0) -> #N/A
A33: In202605-055 | B33: 46150.44 | C33: =TEXT(B33,"YYYYMM") -> 202605 | D33: Annya | E33: 房務部 | F33: 823 | G33: 客房門卡電池弱電請更換 | H33: 內裝 | I33: IMG_1551.jpeg | J33: 緊急 | K33: 門 | M33: 黃梓灃 | O33: 待辦驗 | U33: 46151 | V33: 46153.533 | W33: 46150 | AA33: 0 | AG33: 0 | AI33: =VLOOKUP(A33,'4月明細'!B:B,1,0) -> #N/A
A34: In202605-054 | B34: 46148.736 | C34: =TEXT(B34,"YYYYMM") -> 202605 | D34: Eric | E34: 房務部 | F34: 515 | G34: 淋浴間矽利康脫落，要重打 | H34: 衛厠 | I34: S__93380627_0.jpg : https://ap12.ragic.com/sims/file.jsp?a=soutlet001&f=XFVTxU3Crl%40S__93380627_0.jpg S__93380628_0.jpg : https://ap12.ragic.com/sims/file.jsp?a=soutlet001&f=MBBbahbRQX%40S__93380628_0.jpg | J34: 空房 | K34: 淋浴間 | M34: 吳友仁 | O34: 待辦驗 | Q34: 已修復 | U34: 46149 | V34: 46153.533 | W34: 46148 | AA34: 0 | AG34: 0 | AI34: =VLOOKUP(A34,'4月明細'!B:B,1,0) -> #N/A
A35: In202605-053 | B35: 46148.708 | C35: =TEXT(B35,"YYYYMM") -> 202605 | D35: Annya | E35: 房務部 | F35: 606 | G35: 淋浴間地板矽利康斷裂發霉 | H35: 衛厠 | I35: IMG_1487.jpeg : https://ap12.ragic.com/sims/file.jsp?a=soutlet001&f=iNlKbSaupb%40IMG_1487.jpeg IMG_1486.jpeg : https://ap12.ragic.com/sims/file.jsp?a=soutlet001&f=hq8MfAYn1M%40IMG_1486.jpeg IMG_1485.jpeg : https://ap12.ragic.com/sims/file.jsp?a=soutlet001&f=2TYPxxFaVd%40IMG_1485.jpeg | J35: 空房 | K35: 淋浴間 | M35: 吳友仁 | O35: 待辦驗 | Q35: 已修復 | U35: 46149 | V35: 46153.533 | W35: 46148 | AA35: 0 | AG35: 0 | AI35: =VLOOKUP(A35,'4月明細'!B:B,1,0) -> #N/A
A36: In202605-052 | B36: 46148.697 | C36: =TEXT(B36,"YYYYMM") -> 202605 | D36: Annya | E36: 房務部 | F36: 601 | G36: 床頭球燈：右邊不亮 | H36: 照明 | I36: IMG_1483.jpeg | J36: 空房 | K36: 燈具 | M36: 吳友仁 | O36: 待辦驗 | Q36: 已更換 | U36: 46149 | V36: 46153.533 | W36: 46148 | AA36: 0 | AG36: 0 | AI36: =VLOOKUP(A36,'4月明細'!B:B,1,0) -> #N/A
A37: In202605-051 | B37: 46148.687 | C37: =TEXT(B37,"YYYYMM") -> 202605 | D37: Annya | E37: 房務部 | F37: 601 | G37: 盥洗用品架需更換 | H37: 衛厠 | I37: IMG_1482.jpeg | J37: 空房 | K37: 淋浴間 | O37: 待修中 | U37: 46149 | V37: 46153.533 | W37: 46148 | X37: 46153 | AA37: 0 | AG37: 0 | AI37: =VLOOKUP(A37,'4月明細'!B:B,1,0) -> #N/A
A38: In202605-050 | B38: 46148.678 | C38: =TEXT(B38,"YYYYMM") -> 202605 | D38: Annya | E38: 房務部 | F38: 715 | G38: 通話到一半斷訊 | H38: 弱電 | J38: 空房 | K38: 電話 | M38: 吳友仁 | O38: 待辦驗 | Q38: 已修復 | U38: 46149 | V38: 46153.533 | W38: 46148 | AA38: 0 | AG38: 0 | AI38: =VLOOKUP(A38,'4月明細'!B:B,1,0) -> #N/A
A39: In202605-049 | B39: 46148.563 | C39: =TEXT(B39,"YYYYMM") -> 202605 | D39: 姿婷 | E39: 房務部 | F39: 507 | G39: 507續住 電視需手動開啟、遙控器無法開 房務員正在續掃 客人不在 謝謝 | H39: 會議設備 | J39: 緊急 | K39: 電視 | O39: 待修中 | U39: 46149 | V39: 46153.533 | W39: 46148 | X39: 46153 | Y39: 46153 | AA39: 0 | AG39: 0 | AI39: =VLOOKUP(A39,'4月明細'!B:B,1,0) -> #N/A
A40: In202605-048 | B40: 46148.546 | C40: =TEXT(B40,"YYYYMM") -> 202605 | D40: Eric | E40: 房務部 | F40: 806 | G40: 806 續住報修 電話沒有聲音，按了沒反應。 | H40: 弱電 | J40: 客人在房內 | K40: 電話 | M40: 吳友仁 | O40: 待辦驗 | Q40: 已修復 | U40: 46149 | V40: 46153.533 | W40: 46148 | AA40: 0 | AG40: 0 | AI40: =VLOOKUP(A40,'4月明細'!B:B,1,0) -> #N/A
A41: In202605-047 | B41: 46148.498 | C41: =TEXT(B41,"YYYYMM") -> 202605 | D41: Annya | E41: 房務部 | F41: 707 | G41: 洗手槽底座需打矽利康 | H41: 衛厠 | I41: IMG_1466.jpeg | J41: 空房 | K41: 洗手槽 | M41: 吳友仁 | N41: 46148.741 | O41: 已辦驗 | P41: 0.24300926 | Q41: 已黏合 | U41: 46149 | V41: 46153.533 | W41: 46148 | AA41: 5.8322222 | AG41: 0 | AI41: =VLOOKUP(A41,'4月明細'!B:B,1,0) -> #N/A
A42: In202605-046 | B42: 46148.491 | C42: =TEXT(B42,"YYYYMM") -> 202605 | D42: 姿婷 | E42: 房務部 | F42: 913 | G42: 913 門鈴沒聲音 | H42: 內裝 | I42: 1000009776.jpg | J42: 空房 | K42: 門 | M42: 吳友仁 | O42: 待辦驗 | Q42: 已修復 | U42: 46149 | V42: 46153.533 | W42: 46148 | AA42: 0 | AG42: 0 | AI42: =VLOOKUP(A42,'4月明細'!B:B,1,0) -> #N/A
A43: In202605-045 | B43: 46148.488 | C43: =TEXT(B43,"YYYYMM") -> 202605 | D43: Annya | E43: 房務部 | F43: 718 | G43: 門鈴聲音不見又偶爾有 | H43: 內裝 | J43: 空房 | K43: 門 | M43: 吳友仁 | O43: 待辦驗 | Q43: 已修復 | U43: 46149 | V43: 46153.533 | W43: 46148 | AA43: 0 | AG43: 0 | AI43: =VLOOKUP(A43,'4月明細'!B:B,1,0) -> #N/A
A44: In202605-044 | B44: 46148.468 | C44: =TEXT(B44,"YYYYMM") -> 202605 | D44: Annya | E44: 房務部 | F44: 622 | G44: 門鈴單音 | H44: 內裝 | J44: 空房 | K44: 門 | M44: 吳友仁 | N44: 46148.742 | O44: 已辦驗 | P44: 0.27408565 | Q44: 工單取消 | U44: 46149 | V44: 46153.533 | W44: 46148 | AA44: 6.5780556 | AG44: 0 | AI44: =VLOOKUP(A44,'4月明細'!B:B,1,0) -> #N/A
A45: In202605-043 | B45: 46148.436 | C45: =TEXT(B45,"YYYYMM") -> 202605 | D45: Eric | E45: 房務部 | F45: 505 | G45: 衣櫥燈不亮，已重開電源還是不會亮 | H45: 照明 | I45: S__93372443.jpg | J45: 有預進客人 | K45: 燈具 | O45: 待修中 | U45: 46149 | V45: 46153.533 | W45: 46148 | X45: 46153 | AA45: 0 | AG45: 0 | AI45: =VLOOKUP(A45,'4月明細'!B:B,1,0) -> #N/A
A46: In202605-042 | B46: 46148.312 | C46: =TEXT(B46,"YYYYMM") -> 202605 | D46: 郭良兆 | E46: 安全部 | F46: B1 安全部 | G46: 中控室門的門弓器壞掉 | H46: 消防 | J46: 一般 | K46: 安全門 | O46: 待修中 | U46: 46149 | V46: 46153.533 | W46: 46148 | X46: 46153 | AA46: 0 | AG46: 0 | AI46: =VLOOKUP(A46,'4月明細'!B:B,1,0) -> #N/A
A47: In202605-041 | B47: 46147.811 | C47: =TEXT(B47,"YYYYMM") -> 202605 | D47: Marva | E47: 客人反應 | F47: 726 | G47: 客人反映過冷 | H47: 空調 | J47: 客人在房內 | K47: 主機 | M47: 吳友仁 | N47: 46148.742 | O47: 已辦驗 | P47: 0.93041667 | Q47: 已調整 | U47: 46148 | V47: 46153.533 | W47: 46147 | AA47: 22.33 | AG47: 0 | AI47: =VLOOKUP(A47,'4月明細'!B:B,1,0) -> #N/A
A48: In202605-040 | B48: 46147.81 | C48: =TEXT(B48,"YYYYMM") -> 202605 | D48: VAN | E48: 客務部 | F48: 507 | G48: 遙控器沒反應 | H48: 其他 | J48: 客人在房內 | K48: 人流計數器 | L48: 不允許 | M48: 吳友仁 | O48: 辦驗未通過 | Q48: 更換新的機上盒和遙控器 | R48: 還是無法控制電視開及關 | U48: 46148 | V48: 46153.533 | W48: 46147 | AA48: 0 | AG48: 0 | AI48: =VLOOKUP(A48,'4月明細'!B:B,1,0) -> #N/A
A49: In202605-039 | B49: 46147.734 | C49: =TEXT(B49,"YYYYMM") -> 202605 | D49: Annya | E49: 房務部 | F49: 509 | G49: 淋浴間天花板坎燈不亮 | H49: 衛厠 | J49: 空房 | K49: 淋浴間 | M49: 李宗銘 | O49: 待辦驗 | Q49: 已更換 | U49: 46148 | V49: 46153.533 | W49: 46147 | AA49: 0 | AG49: 0 | AI49: =VLOOKUP(A49,'4月明細'!B:B,1,0) -> #N/A
A50: In202605-038 | B50: 46147.724 | C50: =TEXT(B50,"YYYYMM") -> 202605 | D50: Annya | E50: 房務部 | F50: 508 | G50: 淋浴間天花板坎燈不亮 | H50: 衛厠 | I50: IMG_1445.jpeg | J50: 空房 | K50: 淋浴間 | M50: 吳友仁 | N50: 46148.741 | O50: 已辦驗 | P50: 1.0169329 | Q50: 房務領班告知取消此單 | U50: 46148 | V50: 46153.533 | W50: 46147 | AA50: 24.406389 | AG50: 0 | AI50: =VLOOKUP(A50,'4月明細'!B:B,1,0) -> #N/A
A51: In202605-037 | B51: 46147.664 | C51: =TEXT(B51,"YYYYMM") -> 202605 | D51: Annya | E51: 房務部 | F51: 508 | G51: 玻璃門沒有止水條 | H51: 衛厠 | I51: IMG_1439.jpeg | J51: 空房 | K51: 淋浴間 | O51: 待修中 | U51: 46148 | V51: 46153.533 | W51: 46147 | X51: 46153 | AA51: 0 | AG51: 0 | AI51: =VLOOKUP(A51,'4月明細'!B:B,1,0) -> #N/A
A52: In202605-036 | B52: 46147.635 | C52: =TEXT(B52,"YYYYMM") -> 202605 | D52: Eric | E52: 房務部 | F52: 613 | G52: 缺少門擋鐵片 | H52: 內裝 | I52: 2174.jpg | J52: 空房 | K52: 門 | M52: 吳友仁 | O52: 待辦驗 | Q52: 已黏合 | U52: 46148 | V52: 46153.533 | W52: 46147 | AA52: 0 | AG52: 0 | AI52: =VLOOKUP(A52,'4月明細'!B:B,1,0) -> #N/A
A53: In202605-035 | B53: 46147.604 | C53: =TEXT(B53,"YYYYMM") -> 202605 | D53: 姿婷 | E53: 房務部 | F53: 831 | G53: 831 熱水很溫 有預進_x000D_ 請確認是否是鍋爐問題 _x000D_ 剛領班已經報了好幾間沒熱水 _x000D_ 謝謝 | H53: 衛厠 | J53: 有預進客人 | K53: 淋浴間 | M53: 孫志偉 | N53: 46148.74 | O53: 已辦驗 | P53: 1.1368056 | Q53: 已調整 | U53: 46148 | V53: 46153.533 | W53: 46147 | AA53: 27.283333 | AG53: 0 | AI53: =VLOOKUP(A53,'4月明細'!B:B,1,0) -> #N/A
A54: In202605-034 | B54: 46147.603 | C54: =TEXT(B54,"YYYYMM") -> 202605 | D54: 姿婷 | E54: 房務部 | F54: 831 | G54: 831 洗手台水壓很小 有預進 | H54: 衛厠 | I54: 1000009734.jpg | J54: 有預進客人 | K54: 洗手槽 | M54: 吳友仁 | N54: 46148.74 | O54: 已辦驗 | P54: 1.1368519 | Q54: 已修復 | U54: 46148 | V54: 46153.533 | W54: 46147 | AA54: 27.284444 | AG54: 0 | AI54: =VLOOKUP(A54,'4月明細'!B:B,1,0) -> #N/A
A55: In202605-033 | B55: 46147.577 | C55: =TEXT(B55,"YYYYMM") -> 202605 | D55: 姿婷 | E55: 房務部 | F55: 818 | G55: 818 續住 從22度 手動調到28度 1個小時後還在22度 請協助檢查 謝謝 目前客人不在 | H55: 空調 | I55: 1000009733.jpg | J55: 緊急 | K55: 主機 | M55: 吳友仁 | N55: 46148.74 | O55: 已辦驗 | P55: 1.1629167 | Q55: 已調整 | U55: 46148 | V55: 46153.533 | W55: 46147 | AA55: 27.91 | AG55: 0 | AI55: =VLOOKUP(A55,'4月明細'!B:B,1,0) -> #N/A
A56: In202605-032 | B56: 46147.575 | C56: =TEXT(B56,"YYYYMM") -> 202605 | D56: Annya | E56: 房務部 | F56: 723 | G56: 自水條斷裂 | H56: 衛厠 | I56: IMG_1435.jpeg | J56: 空房 | K56: 淋浴間 | M56: 吳友仁 | N56: 46148.74 | O56: 已辦驗 | P56: 1.1647801 | Q56: 已處理 | U56: 46148 | V56: 46153.533 | W56: 46147 | AA56: 27.954722 | AG56: 0 | AI56: =VLOOKUP(A56,'4月明細'!B:B,1,0) -> #N/A
A57: In202605-031 | B57: 46147.574 | C57: =TEXT(B57,"YYYYMM") -> 202605 | D57: Annya | E57: 房務部 | F57: 723 | G57: 沒有熱水 | H57: 衛厠 | J57: 空房 | K57: 淋浴間 | M57: 孫志偉 | N57: 46148.739 | O57: 已辦驗 | P57: 1.1652083 | Q57: 已調整 | U57: 46148 | V57: 46153.533 | W57: 46147 | AA57: 27.965 | AG57: 0 | AI57: =VLOOKUP(A57,'4月明細'!B:B,1,0) -> #N/A
A58: In202605-030 | B58: 46147.574 | C58: =TEXT(B58,"YYYYMM") -> 202605 | D58: Annya | E58: 房務部 | F58: 725 | G58: 沒有熱水 | H58: 衛厠 | J58: 空房 | K58: 淋浴間 | M58: 孫志偉 | N58: 46148.739 | O58: 已辦驗 | P58: 1.164919 | Q58: 已調整 | U58: 46148 | V58: 46153.533 | W58: 46147 | AA58: 27.958056 | AG58: 0 | AI58: =VLOOKUP(A58,'4月明細'!B:B,1,0) -> #N/A
A59: In202605-029 | B59: 46147.527 | C59: =TEXT(B59,"YYYYMM") -> 202605 | D59: Annya | E59: 房務部 | F59: 718 | G59: 沒有熱水 | H59: 衛厠 | J59: 有預進客人 | K59: 淋浴間 | M59: 孫志偉 | N59: 46148.738 | O59: 已辦驗 | P59: 1.2112037 | Q59: 已調整 | U59: 46148 | V59: 46153.533 | W59: 46147 | AA59: 29.068889 | AG59: 0 | AI59: =VLOOKUP(A59,'4月明細'!B:B,1,0) -> #N/A
A60: In202605-028 | B60: 46147.489 | C60: =TEXT(B60,"YYYYMM") -> 202605 | D60: Annya | E60: 房務部 | F60: 707 | G60: 地板矽利康多處斷裂霉斑 | H60: 衛厠 | I60: IMG_1421.jpeg : https://ap12.ragic.com/sims/file.jsp?a=soutlet001&f=shNeJWbP3M%40IMG_1421.jpeg IMG_1424.jpeg : https://ap12.ragic.com/sims/file.jsp?a=soutlet001&f=p38ZVrFZmt%40IMG_1424.jpeg IMG_1422.jpeg : https://ap12.ragic.com/sims/file.jsp?a=soutlet001&f=lFYh4QPMgr%40IMG_1422.jpeg IMG_1423.jpeg : https://ap12.ragic.com/sims/file.jsp?a=soutlet001&f=nx7zxLt5dN%40IMG_1423.jpeg | J60: 有預進客人 | K60: 淋浴間 | M60: 吳友仁 | N60: 46148.739 | O60: 已辦驗 | P60: 1.2503472 | Q60: 已處理 | U60: 46148 | V60: 46153.533 | W60: 46147 | AA60: 30.008333 | AG60: 0 | AI60: =VLOOKUP(A60,'4月明細'!B:B,1,0) -> #N/A
A61: In202605-027 | B61: 46147.422 | C61: =TEXT(B61,"YYYYMM") -> 202605 | D61: Eric | E61: 後勤辦公室 | F61: 1 樓大廳/櫃台 | G61: 一樓大廳有三盞燈不亮 | H61: 照明 | I61: S__7561218.jpg | J61: 緊急 | K61: 燈具 | M61: 孫志偉 | O61: 待修中 | Q61: 5/8 上午廠商隆安達進場處理，非燈具變壓器問題。廠商另購材料請款，備品由工程部自行維修。 | U61: 46148 | V61: 46153.533 | W61: 46147 | X61: 46153 | Y61: 46153 | AA61: 0 | AG61: 0 | AI61: =VLOOKUP(A61,'4月明細'!B:B,1,0) -> #N/A
A62: In202605-026 | B62: 46147.419 | C62: =TEXT(B62,"YYYYMM") -> 202605 | D62: Eric | E62: 後勤辦公室 | F62: 1 樓大門戶外 | G62: 車道旁看板傾斜 | H62: 建築 &裝置藝術 | J62: 空房 | K62: 外觀玻璃 | M62: 吳友仁 | O62: 待辦驗 | Q62: 已暫時支撐處理 | U62: 46148 | V62: 46153.533 | W62: 46147 | AA62: 0 | AG62: 0 | AI62: =VLOOKUP(A62,'4月明細'!B:B,1,0) -> #N/A
A63: In202605-025 | B63: 46147.413 | C63: =TEXT(B63,"YYYYMM") -> 202605 | D63: Annya | E63: 房務部 | F63: 707 | G63: 洗手槽已經移位且會移動 | H63: 衛厠 | J63: 有預進客人 | K63: 洗手槽 | M63: 吳友仁 | N63: 46148.738 | O63: 已辦驗 | P63: 1.3251852 | Q63: 已黏合 | U63: 46148 | V63: 46153.533 | W63: 46147 | AA63: 31.804444 | AG63: 0 | AI63: =VLOOKUP(A63,'4月明細'!B:B,1,0) -> #N/A
A64: In202605-024 | B64: 46147.41 | C64: =TEXT(B64,"YYYYMM") -> 202605 | D64: Annya | E64: 房務部 | F64: 708 | G64: 浴簾毛刷條掉了 | H64: 衛厠 | I64: IMG_1413.jpeg | J64: 空房 | K64: 浴簾 | M64: 吳友仁 | N64: 46148.738 | O64: 已辦驗 | P64: 1.3278588 | Q64: 已黏合 | U64: 46148 | V64: 46153.533 | W64: 46147 | AA64: 31.868611 | AG64: 0 | AI64: =VLOOKUP(A64,'4月明細'!B:B,1,0) -> #N/A
A65: In202605-023 | B65: 46147.311 | C65: =TEXT(B65,"YYYYMM") -> 202605 | D65: FOMIKE | E65: 房務部 | F65: 818 | G65: 客人會說中文，5/4 23:30 臨櫃反應房間溫度一直維持20度。有詢問是否要幫她檢測或者提供暖爐。由於客人急著外出，已告知待5/5外出前會請我們派工務去維修。請5/5日續整幫客人整修冷氣。 FOMIKEM050426 | H65: 空調 | J65: 一般 | K65: 主機 | M65: 吳友仁 | N65: 46148.739 | O65: 已辦驗 | P65: 1.4282407 | Q65: 已調整 | U65: 46148 | V65: 46153.533 | W65: 46147 | AA65: 34.277778 | AG65: 0 | AI65: =VLOOKUP(A65,'4月明細'!B:B,1,0) -> #N/A
A66: In202605-022 | B66: 46146.904 | C66: =TEXT(B66,"YYYYMM") -> 202605 | D66: Eric | E66: 房務部 | F66: 4 樓酒吧座位區 | G66: 4樓男廁座式第一間壓水面板脫落。 | H66: 衛厠 | J66: 緊急 | K66: 馬桶 | M66: 吳友仁 | N66: 46147.432 | O66: 已辦驗 | P66: 0.52831019 | Q66: 已修復 | U66: 46147 | V66: 46153.533 | W66: 46147 | AA66: 12.679444 | AG66: 0 | AI66: =VLOOKUP(A66,'4月明細'!B:B,1,0) -> #N/A
A67: In202605-021 | B67: 46146.726 | C67: =TEXT(B67,"YYYYMM") -> 202605 | D67: FOMEG | E67: 客人反應 | F67: 1016 | G67: 1016 客人表示冷氣太冷不會調整，已先通知工務群也一起去協助查看，在麻煩陪同協助客人 | H67: 空調 | J67: 客人在房內 | K67: 主機 | M67: 吳友仁 | N67: 46147.433 | O67: 已辦驗 | P67: 0.70690972 | Q67: 已調整 | U67: 46147 | V67: 46153.533 | W67: 46146 | AA67: 16.965833 | AG67: 0 | AI67: =VLOOKUP(A67,'4月明細'!B:B,1,0) -> #N/A
A68: In202605-020 | B68: 46146.703 | C68: =TEXT(B68,"YYYYMM") -> 202605 | D68: Hunter Chen | E68: 後勤辦公室 | F68: B1 男員工廁所 | G68: 左色第一個小便斗堵塞_x000D_ (溢出) | H68: 衛厠 | J68: 緊急 | K68: 馬桶 | M68: 朱欽光 | O68: 待辦驗 | Q68: 已疏通 | U68: 46147 | V68: 46153.533 | W68: 46146 | AA68: 0 | AG68: 0 | AI68: =VLOOKUP(A68,'4月明細'!B:B,1,0) -> #N/A
A69: In202605-019 | B69: 46146.559 | C69: =TEXT(B69,"YYYYMM") -> 202605 | D69: FO | E69: 客務部 | F69: 1 樓大廳/櫃台 | G69: 1樓FO辦公室冷氣不冷 | H69: 其他 | J69: 一般 | K69: 人流計數器 | O69: 待修中 | U69: 46147 | V69: 46153.533 | W69: 46146 | X69: 46153 | AA69: 0 | AG69: 0 | AI69: =VLOOKUP(A69,'4月明細'!B:B,1,0) -> #N/A
A70: In202605-018 | B70: 46146.529 | C70: =TEXT(B70,"YYYYMM") -> 202605 | D70: HKTONF | E70: 房務部 | F70: 523 | G70: 523抽屜沒有緩衝 | H70: 內裝 | I70: IMG_2208.jpeg | J70: 有預進客人 | K70: 櫥子 | O70: 待修中 | U70: 46147 | V70: 46153.533 | W70: 46146 | X70: 46153 | AA70: 0 | AG70: 0 | AI70: =VLOOKUP(A70,'4月明細'!B:B,1,0) -> #N/A
A71: In202605-017 | B71: 46145.73 | C71: =TEXT(B71,"YYYYMM") -> 202605 | D71: FO | E71: 客人反應 | F71: 510 | G71: 沒熱水 | H71: 衛厠 | J71: 空房 | K71: 淋浴間 | M71: 吳友仁 | N71: 46147.455 | O71: 已辦驗 | P71: 1.724838 | Q71: 已處理 | U71: 46146 | V71: 46153.533 | W71: 46145 | AA71: 41.396111 | AG71: 0 | AI71: =VLOOKUP(A71,'4月明細'!B:B,1,0) -> #N/A
A72: In202605-016 | B72: 46145.565 | C72: =TEXT(B72,"YYYYMM") -> 202605 | D72: 姿婷 | E72: 房務部 | F72: 510 | G72: 510 淋浴間放足部的架子 螺絲沒鎖緊 有預進 | H72: 衛厠 | I72: 1000009671.jpg : https://ap12.ragic.com/sims/file.jsp?a=soutlet001&f=eycVQSDbuN%401000009671.jpg 1000009672.jpg : https://ap12.ragic.com/sims/file.jsp?a=soutlet001&f=wPNmZP7B3K%401000009672.jpg | J72: 有預進客人 | K72: 淋浴間 | M72: 吳友仁 | N72: 46147.459 | O72: 已辦驗 | P72: 1.8934491 | Q72: 已固定 | U72: 46146 | V72: 46153.533 | W72: 46145 | AA72: 45.442778 | AG72: 0 | AI72: =VLOOKUP(A72,'4月明細'!B:B,1,0) -> #N/A
A73: In202605-015 | B73: 46145.531 | C73: =TEXT(B73,"YYYYMM") -> 202605 | D73: 姿婷 | E73: 房務部 | F73: 509 | G73: 509 淋浴間門把鬆動 | H73: 衛厠 | I73: 1000009667.jpg | J73: 空房 | K73: 淋浴間 | M73: 吳友仁 | N73: 46148.738 | O73: 已辦驗 | P73: 3.2066898 | Q73: 已固定 | U73: 46146 | V73: 46153.533 | W73: 46145 | AA73: 76.960556 | AG73: 0 | AI73: =VLOOKUP(A73,'4月明細'!B:B,1,0) -> #N/A
A74: In202605-014 | B74: 46145.53 | C74: =TEXT(B74,"YYYYMM") -> 202605 | D74: 姿婷 | E74: 房務部 | F74: 509 | G74: 509 洗手槽會移動 需打矽利康 | H74: 衛厠 | I74: 1000009668.jpg | J74: 空房 | K74: 洗手槽 | M74: 吳友仁 | N74: 46148.738 | O74: 已辦驗 | P74: 3.2075694 | Q74: 已黏合 | U74: 46146 | V74: 46153.533 | W74: 46145 | AA74: 76.981667 | AG74: 0 | AI74: =VLOOKUP(A74,'4月明細'!B:B,1,0) -> #N/A
A75: In202605-013 | B75: 46145.347 | C75: =TEXT(B75,"YYYYMM") -> 202605 | D75: 林昌立 | E75: 安全部 | F75: 逃生梯 | G75: C梯往上門禁損害_x000D_ | H75: 其他 | I75: 1000015449.jpg : https://ap12.ragic.com/sims/file.jsp?a=soutlet001&f=pnhCJdmLfC%401000015449.jpg 1000015450.jpg : https://ap12.ragic.com/sims/file.jsp?a=soutlet001&f=wQB5Y58hkw%401000015450.jpg | J75: 一般 | K75: 入金機 | O75: 待修中 | U75: 46146 | V75: 46153.533 | W75: 46145 | X75: 46153 | AA75: 0 | AG75: 0 | AI75: =VLOOKUP(A75,'4月明細'!B:B,1,0) -> #N/A
A76: In202605-012 | B76: 46144.839 | C76: =TEXT(B76,"YYYYMM") -> 202605 | D76: Henry | E76: 餐飲部 | F76: 4樓 B Bar | G76: 電燈不亮 | H76: 照明 | I76: IMG_0778.jpeg : https://ap12.ragic.com/sims/file.jsp?a=soutlet001&f=PgVW0WcbzI%40IMG_0778.jpeg IMG_0779.jpeg : https://ap12.ragic.com/sims/file.jsp?a=soutlet001&f=I3AR9x7W8Y%40IMG_0779.jpeg | J76: 一般 | K76: 燈具 | O76: 待修中 | U76: 46145 | V76: 46153.533 | W76: 46145 | X76: 46153 | AA76: 0 | AG76: 0 | AI76: =VLOOKUP(A76,'4月明細'!B:B,1,0) -> #N/A
A77: In202605-011 | B77: 46144.65 | C77: =TEXT(B77,"YYYYMM") -> 202605 | D77: 姿婷 | E77: 房務部 | F77: 623 | G77: 623 淋浴間門把搖晃 有預進 | H77: 衛厠 | I77: 1000009660.jpg | J77: 有預進客人 | K77: 淋浴間 | M77: 朱欽光 | N77: 46147.459 | O77: 已辦驗 | P77: 2.8087153 | Q77: 已固定_x000D_ | U77: 46145 | V77: 46153.533 | W77: 46144 | AA77: 67.409167 | AG77: 0.016666667 | AI77: =VLOOKUP(A77,'4月明細'!B:B,1,0) -> #N/A
A78: In202605-010 | B78: 46144.613 | C78: =TEXT(B78,"YYYYMM") -> 202605 | D78: 姿婷 | E78: 房務部 | F78: 503 | G78: 503 淋浴間門手把鬆動 有預進 | H78: 衛厠 | I78: 1000009659.jpg | J78: 有預進客人 | K78: 淋浴間 | M78: 朱欽光 | N78: 46147.459 | O78: 已辦驗 | P78: 2.8452083 | Q78: 已修復 | U78: 46145 | V78: 46153.533 | W78: 46144 | AA78: 68.285 | AG78: 0 | AI78: =VLOOKUP(A78,'4月明細'!B:B,1,0) -> #N/A
A79: In202605-009 | B79: 46144.453 | C79: =TEXT(B79,"YYYYMM") -> 202605 | D79: FO | E79: 客人反應 | F79: 客用電梯 | G79: 客人反應電梯(非無障礙電梯)停在四樓時，關門速度過快，有撞到電梯門，再請協助通知廠商檢修 | H79: 其他 | J79: 一般 | K79: 人流計數器 | O79: 待修中 | U79: 46145 | V79: 46153.533 | W79: 46144 | X79: 46153 | AA79: 0 | AG79: 0 | AI79: =VLOOKUP(A79,'4月明細'!B:B,1,0) -> #N/A
A80: In202605-008 | B80: 46144.467 | C80: =TEXT(B80,"YYYYMM") -> 202605 | D80: HKTONF | E80: 房務部 | F80: 812 | G80: 812 續住 - 電話沒有訊號 | H80: 弱電 | I80: IMG_2154.jpeg | J80: 客人在房內 | K80: 電話 | M80: 朱欽光 | N80: 46147.458 | O80: 已辦驗 | P80: 2.9909954 | Q80: 已修復 | U80: 46145 | V80: 46153.533 | W80: 46144 | AA80: 71.783889 | AG80: 0 | AI80: =VLOOKUP(A80,'4月明細'!B:B,1,0) -> #N/A
A81: In202605-007 | B81: 46144.343 | C81: =TEXT(B81,"YYYYMM") -> 202605 | D81: Johnny | E81: 客人反應 | F81: 9樓廊道 | G81: 客人告知樓層電話不會通 | H81: 弱電 | J81: 客人在房內 | K81: 電話 | O81: 待修中 | U81: 46145 | V81: 46153.533 | W81: 46144 | X81: 46153 | AA81: 0 | AG81: 0 | AI81: =VLOOKUP(A81,'4月明細'!B:B,1,0) -> #N/A
A82: In202605-006 | B82: 46144.341 | C82: =TEXT(B82,"YYYYMM") -> 202605 | D82: Johnny | E82: 客人反應 | F82: 910 | G82: 客人房間電話不通 | H82: 弱電 | J82: 客人在房內 | K82: 電話 | M82: 朱欽光 | N82: 46147.458 | O82: 已辦驗 | P82: 3.1168519 | Q82: 已處理 | U82: 46145 | V82: 46153.533 | W82: 46144 | AA82: 74.804444 | AG82: 0 | AI82: =VLOOKUP(A82,'4月明細'!B:B,1,0) -> #N/A
A83: In202605-005 | B83: 46143.864 | C83: =TEXT(B83,"YYYYMM") -> 202605 | D83: Kevin | E83: 客人反應 | F83: 912 | G83: 沒熱水 | H83: 衛厠 | J83: 客人在房內 | K83: 淋浴間 | M83: 李宗銘 | N83: 46147.458 | O83: 已辦驗 | P83: 3.5939236 | Q83: 已處理 | U83: 46144 | V83: 46153.533 | W83: 46144 | AA83: 86.254167 | AG83: 0 | AI83: =VLOOKUP(A83,'4月明細'!B:B,1,0) -> #N/A
A84: In202605-004 | B84: 46143.686 | C84: =TEXT(B84,"YYYYMM") -> 202605 | D84: 姿婷 | E84: 客人反應 | F84: 603 | G84: 603 浴簾卡住 客在房內 | H84: 衛厠 | I84: 1000009643.jpg | J84: 客人在房內 | K84: 浴簾 | M84: 朱欽光 | N84: 46147.458 | O84: 已辦驗 | P84: 3.7720602 | Q84: 已修復 | U84: 46144 | V84: 46153.533 | W84: 46143 | AA84: 90.529444 | AG84: 0 | AI84: =VLOOKUP(A84,'4月明細'!B:B,1,0) -> #N/A
A85: In202605-003 | B85: 46143.671 | C85: =TEXT(B85,"YYYYMM") -> 202605 | D85: Andy | E85: 客人反應 | F85: 521 | G85: 521客人說房內熱水不熱 請協助查看 | H85: 衛厠 | J85: 客人在房內 | K85: 淋浴間 | M85: 朱欽光 | N85: 46147.456 | O85: 已辦驗 | P85: 3.7844907 | Q85: 已調整 | U85: 46144 | V85: 46153.533 | W85: 46143 | AA85: 90.827778 | AG85: 0 | AI85: =VLOOKUP(A85,'4月明細'!B:B,1,0) -> #N/A
A86: In202605-002 | B86: 46143.639 | C86: =TEXT(B86,"YYYYMM") -> 202605 | D86: 姿婷 | E86: 房務部 | F86: 608 | G86: 608 客人向房務員反應 浴缸水的溫度不夠熱 客人在房內 麻煩了 謝謝 | H86: 衛厠 | J86: 客人在房內 | K86: 淋浴間 | M86: 朱欽光 | N86: 46147.456 | O86: 已辦驗 | P86: 3.8170949 | Q86: 已調整 | U86: 46144 | V86: 46153.533 | W86: 46143 | AA86: 91.610278 | AG86: 0 | AI86: =VLOOKUP(A86,'4月明細'!B:B,1,0) -> #N/A
A87: In202605-001 | B87: 46143.636 | C87: =TEXT(B87,"YYYYMM") -> 202605 | D87: 姿婷 | E87: 房務部 | F87: 619 | G87: 619 洗手台下方燈條快掉下來了 膠帶黏回去還是會掉 需要更換膠帶 謝謝 | H87: 衛厠 | I87: 1000009641.jpg | J87: 有預進客人 | K87: 洗手槽 | M87: 朱欽光 | N87: 46147.456 | O87: 已辦驗 | P87: 3.8197801 | Q87: 已固定_x000D_ | U87: 46144 | V87: 46153.533 | W87: 46143 | AA87: 91.674722 | AG87: 0 | AI87: =VLOOKUP(A87,'4月明細'!B:B,1,0) -> #N/A
A88: In202604-117 | B88: 46142.766 | C88: =TEXT(B88,"YYYYMM") -> 202604 | D88: 姿婷 | E88: 房務部 | F88: 609 | G88: 609 淋浴間排水孔水下不去 堵塞 | H88: 衛厠 | I88: 1000009620.jpg : https://ap12.ragic.com/sims/file.jsp?a=soutlet001&f=gIDCN1DkOb%401000009620.jpg 1000009619.jpg : https://ap12.ragic.com/sims/file.jsp?a=soutlet001&f=8jd0Kj4P72%401000009619.jpg | J88: 空房 | K88: 淋浴間 | M88: 朱欽光 | N88: 46147.423 | O88: 已辦驗 | P88: 4.6563773 | Q88: 已處理 | U88: 46143 | V88: 46153.533 | W88: 46142 | AA88: 111.75306 | AG88: 0 | AI88: =VLOOKUP(A88,'4月明細'!B:B,1,0) -> #N/A
A89: In202604-116 | B89: 46142.707 | C89: =TEXT(B89,"YYYYMM") -> 202604 | D89: 姿婷 | E89: 房務部 | F89: 531 | G89: 531 淋浴間蓮蓬頭開關上方零件掉落 | H89: 衛厠 | I89: 1000009617.jpg | J89: 空房 | K89: 淋浴間 | M89: 朱欽光 | N89: 46147.419 | O89: 已辦驗 | P89: 4.7115162 | Q89: 已修復 | U89: 46143 | V89: 46153.533 | W89: 46142 | AA89: 113.07639 | AG89: 0 | AI89: =VLOOKUP(A89,'4月明細'!B:B,1,0) -> #N/A
A90: In202604-115 | B90: 46142.626 | C90: =TEXT(B90,"YYYYMM") -> 202604 | D90: 姿婷 | E90: 房務部 | F90: 526 | G90: 526 洗手台需要打矽利康固定 會滑動 | H90: 衛厠 | I90: 1000009616.jpg | J90: 空房 | K90: 洗手槽 | M90: 朱欽光 | N90: 46147.394 | O90: 已辦驗 | P90: 4.7678935 | Q90: 已黏合 | U90: 46143 | V90: 46153.533 | W90: 46142 | AA90: 114.42944 | AG90: 0 | AI90: =VLOOKUP(A90,'4月明細'!B:B,1,0) -> #N/A
A91: In202604-114 | B91: 46142.626 | C91: =TEXT(B91,"YYYYMM") -> 202604 | D91: 姿婷 | E91: 客人反應 | F91: 719 | G91: 719 客人有反應浴缸排水旋鈕無法使用 房務員正在續掃 麻煩請現在過去處理 謝謝 | H91: 衛厠 | J91: 緊急 | K91: 淋浴間 | M91: 吳友仁 | N91: 46147.394 | O91: 已辦驗 | P91: 4.7681597 | Q91: 已處理 | U91: 46143 | V91: 46153.533 | W91: 46142 | AA91: 114.43583 | AG91: 0 | AI91: =VLOOKUP(A91,'4月明細'!B:B,1,0) -> #N/A
A92: In202604-113 | B92: 46142.599 | C92: =TEXT(B92,"YYYYMM") -> 202604 | D92: Andy | E92: 餐飲部 | F92: 宴會廳-窯 | G92: 窯廳電子看板故障 需要跟舟廳電子看板更換 | H92: 會議設備 | J92: 緊急 | K92: 電視 | M92: 朱欽光 | O92: 待辦驗 | Q92: 已處理 | U92: 46143 | V92: 46153.533 | W92: 46142 | AA92: 0 | AG92: 0 | AI92: =VLOOKUP(A92,'4月明細'!B:B,1,0) -> #N/A
A93: In202604-112 | B93: 46142.495 | C93: =TEXT(B93,"YYYYMM") -> 202604 | D93: Eric | E93: 房務部 | F93: 819 | G93: 門擋貼片不見了 | H93: 內裝 | I93: 2153.jpg | J93: 有預進客人 | K93: 門 | M93: 吳友仁 | N93: 46147.394 | O93: 已辦驗 | P93: 4.8993403 | Q93: 已黏合 | U93: 46143 | V93: 46153.533 | W93: 46142 | AA93: 117.58417 | AG93: 0 | AI93: =VLOOKUP(A93,'4月明細'!B:B,1,0) -> #N/A
A94: In202604-111 | B94: 46142.492 | C94: =TEXT(B94,"YYYYMM") -> 202604 | D94: Eric | E94: 房務部 | F94: 819 | G94: 馬桶上方須油漆 | H94: 內裝 | J94: 有預進客人 | K94: 天花板 | M94: 吳友仁 | N94: 46147.394 | O94: 已辦驗 | P94: 4.9017477 | Q94: 已補漆 | U94: 46143 | V94: 46153.533 | W94: 46142 | AA94: 117.64194 | AG94: 0.016666667 | AI94: =VLOOKUP(A94,'4月明細'!B:B,1,0) -> #N/A
A95: In202604-110 | B95: 46142.492 | C95: =TEXT(B95,"YYYYMM") -> 202604 | D95: 姿婷 | E95: 房務部 | F95: 606 | G95: 606 淋浴間內門把+淋浴間門外門把 鬆動 | H95: 衛厠 | I95: 1000009591.jpg : https://ap12.ragic.com/sims/file.jsp?a=soutlet001&f=UjdYUcr8N7%401000009591.jpg 1000009592.jpg : https://ap12.ragic.com/sims/file.jsp?a=soutlet001&f=sX64zzZEKd%401000009592.jpg | J95: 空房 | K95: 淋浴間 | M95: 朱欽光 | N95: 46147.394 | O95: 已辦驗 | P95: 4.9015162 | Q95: 已固定 | U95: 46143 | V95: 46153.533 | W95: 46142 | AA95: 117.63639 | AG95: 0 | AI95: =VLOOKUP(A95,'4月明細'!B:B,1,0) -> #N/A
A96: In202604-109 | B96: 46142.436 | C96: =TEXT(B96,"YYYYMM") -> 202604 | D96: Hunter Chen | E96: 後勤辦公室 | F96: 601 | G96: 牆面須油漆(很多髒污處) | H96: 建築 &裝置藝術 | J96: 一般 | K96: 連續壁 | O96: 待修中 | U96: 46143 | V96: 46153.533 | W96: 46142 | X96: 46153 | AA96: 0 | AG96: 0 | AI96: =VLOOKUP(A96,'4月明細'!B:B,1,0) -> #N/A
A97: In202604-108 | B97: 46142.434 | C97: =TEXT(B97,"YYYYMM") -> 202604 | D97: Hunter Chen | E97: 後勤辦公室 | F97: 525 | G97: 床頭靠窗鏡面轉角 生鏽 | H97: 衛厠 | I97: S__36757525.jpg | J97: 一般 | K97: 洗手槽 | M97: 李宗銘 | N97: 46147.458 | O97: 已辦驗 | P97: 5.0238194 | Q97: 已處理 | U97: 46143 | V97: 46153.533 | W97: 46142 | AA97: 120.57167 | AG97: 0 | AI97: =VLOOKUP(A97,'4月明細'!B:B,1,0) -> #N/A
A98: In202604-107 | B98: 46142.433 | C98: =TEXT(B98,"YYYYMM") -> 202604 | D98: Hunter Chen | E98: 後勤辦公室 | F98: 525 | G98: 閱讀燈需調整 | H98: 弱電 | J98: 一般 | K98: 插座 | O98: 待修中 | U98: 46143 | V98: 46153.533 | W98: 46142 | X98: 46153 | AA98: 0 | AG98: 0 | AI98: =VLOOKUP(A98,'4月明細'!B:B,1,0) -> #N/A
A99: In202604-106 | B99: 46142.433 | C99: =TEXT(B99,"YYYYMM") -> 202604 | D99: Hunter Chen | E99: 後勤辦公室 | F99: 519 | G99: 牆面須油漆 | H99: 建築 &裝置藝術 | I99: S__36757519.jpg | J99: 一般 | K99: 連續壁 | M99: 吳友仁 | O99: 待辦驗 | Q99: 已補漆 | U99: 46143 | V99: 46153.533 | W99: 46142 | AA99: 0 | AG99: 0 | AI99: =VLOOKUP(A99,'4月明細'!B:B,1,0) -> #N/A
A100: In202604-105 | B100: 46142.433 | C100: =TEXT(B100,"YYYYMM") -> 202604 | D100: Hunter Chen | E100: 後勤辦公室 | F100: 501 | G100: 閱讀燈需調整 | H100: 照明 | J100: 一般 | K100: 燈具 | O100: 待修中 | U100: 46143 | V100: 46153.533 | W100: 46142 | X100: 46153 | AA100: 0 | AG100: 0 | AI100: =VLOOKUP(A100,'4月明細'!B:B,1,0) -> #N/A
...

Sheet 比對摘要
A1: 3.2 結案時間明細比對摘要 (2026年1月–5月，小型報修 total_fee=0)
A2: 月份 | B2: 結案數(Excel) | C2: 結案數(Portal) | D2: 一致 | E2: 總天數(Excel) | F2: 總天數(Portal) | G2: 一致 | H2: 均天數(Excel) | I2: 均天數(Portal) | J2: 一致
A3: 1月 | B3: ='1月明細'!B243 -> 240 | C3: 240 | D3: =IF(ABS(B3-C3)<=0.5,"✓","✗") -> ✓ | E3: ='1月明細'!D243 -> 365.98 | F3: 366 | G3: =IF(ABS(E3-F3)<=0.1,"✓","✗") -> ✓ | H3: ='1月明細'!F243 -> 1.5249167 | I3: 1.52 | J3: =IF(ABS(H3-I3)<=0.02,"✓","✗") -> ✓
A4: 2月 | B4: ='2月明細'!B233 -> 230 | C4: 230 | D4: =IF(ABS(B4-C4)<=0.5,"✓","✗") -> ✓ | E4: ='2月明細'!D233 -> 710.89 | F4: 710.9 | G4: =IF(ABS(E4-F4)<=0.1,"✓","✗") -> ✓ | H4: ='2月明細'!F233 -> 3.0908261 | I4: 3.09 | J4: =IF(ABS(H4-I4)<=0.02,"✓","✗") -> ✓
A5: 3月 | B5: ='3月明細'!B212 -> 209 | C5: 209 | D5: =IF(ABS(B5-C5)<=0.5,"✓","✗") -> ✓ | E5: ='3月明細'!D212 -> 483.07 | F5: 483.1 | G5: =IF(ABS(E5-F5)<=0.1,"✓","✗") -> ✓ | H5: ='3月明細'!F212 -> 2.3113397 | I5: 2.31 | J5: =IF(ABS(H5-I5)<=0.02,"✓","✗") -> ✓
A6: 4月 | B6: ='4月明細'!B124 -> 121 | C6: 121 | D6: =IF(ABS(B6-C6)<=0.5,"✓","✗") -> ✓ | E6: ='4月明細'!D124 -> 233.15 | F6: 233.2 | G6: =IF(ABS(E6-F6)<=0.1,"✓","✗") -> ✓ | H6: ='4月明細'!F124 -> 1.9268595 | I6: 1.93 | J6: =IF(ABS(H6-I6)<=0.02,"✓","✗") -> ✓
A7: 5月 | B7: ='5月明細'!B55 -> 52 | C7: 52 | D7: =IF(ABS(B7-C7)<=0.5,"✓","✗") -> ✓ | E7: ='5月明細'!D55 -> 194.37 | F7: 194.4 | G7: =IF(ABS(E7-F7)<=0.1,"✓","✗") -> ✓ | H7: ='5月明細'!F55 -> 3.7378846 | I7: 3.74 | J7: =IF(ABS(H7-I7)<=0.02,"✓","✗") -> ✓

Sheet 1月明細
A1: 序號 | B1: 報修單編號 | C1: 報修日期 | D1: 完工時間 | E1: 處理狀態 | F1: 維修費用 | G1: 委外費用 | H1: 合計費用 | I1: 結案天數 | J1: 備註
A2: 1 | B2: 20260101-001 | C2: 46023 | D2: 46024 | E2: 已辦驗 | F2: 0 | G2: 0 | H2: =F2+G2 -> 0 | I2: 1.17
A3: 2 | B3: 20260101-003 | C3: 46023 | D3: 46024 | E3: 已辦驗 | F3: 0 | G3: 0 | H3: =F3+G3 -> 0 | I3: 1.11
A4: 3 | B4: 20260101-004 | C4: 46023 | D4: 46024 | E4: 已辦驗 | F4: 0 | G4: 0 | H4: =F4+G4 -> 0 | I4: 1.1
A5: 4 | B5: 20260101-005 | C5: 46023 | D5: 46024 | E5: 已辦驗 | F5: 0 | G5: 0 | H5: =F5+G5 -> 0 | I5: 1.09
A6: 5 | B6: 20260101-006 | C6: 46023 | D6: 46024 | E6: 已辦驗 | F6: 0 | G6: 0 | H6: =F6+G6 -> 0 | I6: 1.06
A7: 6 | B7: 20260101-007 | C7: 46023 | D7: 46024 | E7: 已辦驗 | F7: 0 | G7: 0 | H7: =F7+G7 -> 0 | I7: 1.01
A8: 7 | B8: 20260101-008 | C8: 46023 | D8: 46024 | E8: 已辦驗 | F8: 0 | G8: 0 | H8: =F8+G8 -> 0 | I8: 0.92
A9: 8 | B9: 20260101-009 | C9: 46023 | D9: 46024 | E9: 已辦驗 | F9: 0 | G9: 0 | H9: =F9+G9 -> 0 | I9: 0.9
A10: 9 | B10: 20260101-011 | C10: 46023 | D10: 46024 | E10: 已辦驗 | F10: 0 | G10: 0 | H10: =F10+G10 -> 0 | I10: 0.86
A11: 10 | B11: 20260102-001 | C11: 46024 | D11: 46024 | E11: 已辦驗 | F11: 0 | G11: 0 | H11: =F11+G11 -> 0 | I11: 0.28
A12: 11 | B12: 20260102-002 | C12: 46024 | D12: 46024 | E12: 已辦驗 | F12: 0 | G12: 0 | H12: =F12+G12 -> 0 | I12: 0.16
A13: 12 | B13: 20260102-003 | C13: 46024 | D13: 46024 | E13: 已辦驗 | F13: 0 | G13: 0 | H13: =F13+G13 -> 0 | I13: 0.13
... A241: 240 | B241: 20260130-013 | C241: 46052 | D241: 46052 | E241: 已辦驗 | F241: 0 | G241: 0 | H241: =F241+G241 -> 0 | I241: 0.14
A242: 小計 | F242: =SUM(F2:F241) -> 0 | G242: =SUM(G2:G241) -> 0 | H242: =SUM(H2:H241) -> 0 | I242: =SUM(I2:I241) -> 365.98
A243: 結案數 | B243: =COUNTA(B2:B241) -> 240 | C243: 總天數 | D243: =SUM(I2:I241) -> 365.98 | E243: 平均天數 | F243: =AVERAGE(I2:I241) -> 1.5249167

Sheet 2月明細
A1: 序號 | B1: 報修單編號 | C1: 報修日期 | D1: 完工時間 | E1: 處理狀態 | F1: 維修費用 | G1: 委外費用 | H1: 合計費用 | I1: 結案天數 | J1: 備註
A2: 1 | B2: 20260101-012 | C2: 46023 | D2: 46055 | E2: 已辦驗 | F2: 0 | G2: 0 | H2: =F2+G2 -> 0 | I2: 31.63
A3: 2 | B3: 20260105-008 | C3: 46027 | D3: 46076 | E3: 已辦驗 | F3: 0 | G3: 0 | H3: =F3+G3 -> 0 | I3: 49.11
A4: 3 | B4: 20260110-010 | C4: 46032 | D4: 46062 | E4: 已辦驗 | F4: 0 | G4: 0 | H4: =F4+G4 -> 0 | I4: 29.98
A5: 4 | B5: 20260112-001 | C5: 46034 | D5: 46076 | E5: 已辦驗 | F5: 0 | G5: 0 | H5: =F5+G5 -> 0 | I5: 42.33
A6: 5 | B6: 20260112-002 | C6: 46034 | D6: 46076 | E6: 已辦驗 | F6: 0 | G6: 0 | H6: =F6+G6 -> 0 | I6: 42.33
A7: 6 | B7: 20260112-003 | C7: 46034 | D7: 46063 | E7: 已辦驗 | F7: 0 | G7: 0 | H7: =F7+G7 -> 0 | I7: 29.16
A8: 7 | B8: 20260112-004 | C8: 46034 | D8: 46063 | E8: 已辦驗 | F8: 0 | G8: 0 | H8: =F8+G8 -> 0 | I8: 29.16
A9: 8 | B9: 20260119-001 | C9: 46041 | D9: 46062 | E9: 已辦驗 | F9: 0 | G9: 0 | H9: =F9+G9 -> 0 | I9: 21.3
A10: 9 | B10: 20260130-010 | C10: 46044 | D10: 46057 | E10: 已辦驗 | F10: 0 | G10: 0 | H10: =F10+G10 -> 0 | I10: 12.97
A11: 10 | B11: 20260130-006 | C11: 46052 | D11: 46055 | E11: 已辦驗 | F11: 0 | G11: 0 | H11: =F11+G11 -> 0 | I11: 3.12
A12: 11 | B12: 20260130-008 | C12: 46052 | D12: 46055 | E12: 已辦驗 | F12: 0 | G12: 0 | H12: =F12+G12 -> 0 | I12: 3.1
A13: 12 | B13: 20260130-009 | C13: 46052 | D13: 46055 | E13: 已辦驗 | F13: 0 | G13: 0 | H13: =F13+G13 -> 0 | I13: 2.86
... A231: 230 | B231: 20260226-007 | C231: 46079 | D231: 46080 | E231: 已辦驗 | F231: 0 | G231: 0 | H231: =F231+G231 -> 0 | I231: 0.93
A232: 小計 | F232: =SUM(F2:F231) -> 0 | G232: =SUM(G2:G231) -> 0 | H232: =SUM(H2:H231) -> 0 | I232: =SUM(I2:I231) -> 710.89
A233: 結案數 | B233: =COUNTA(B2:B231) -> 230 | C233: 總天數 | D233: =SUM(I2:I231) -> 710.89 | E233: 平均天數 | F233: =AVERAGE(I2:I231) -> 3.0908261

Sheet 3月明細
A1: 序號 | B1: 報修單編號 | C1: 報修日期 | D1: 完工時間 | E1: 處理狀態 | F1: 維修費用 | G1: 委外費用 | H1: 合計費用 | I1: 結案天數 | J1: 備註
A2: 1 | B2: 20260130-017 | C2: 46052 | D2: 46098 | E2: 已辦驗 | F2: 0 | G2: 0 | H2: =F2+G2 -> 0 | I2: 45.91
A3: 2 | B3: 20260209-011 | C3: 46058 | D3: 46083 | E3: 已辦驗 | F3: 0 | G3: 0 | H3: =F3+G3 -> 0 | I3: 25.11
A4: 3 | B4: 20260208-003 | C4: 46061 | D4: 46098 | E4: 已辦驗 | F4: 0 | G4: 0 | H4: =F4+G4 -> 0 | I4: 37.01
A5: 4 | B5: 20260215-006 | C5: 46068 | D5: 46083 | E5: 已辦驗 | F5: 0 | G5: 0 | H5: =F5+G5 -> 0 | I5: 15.01
A6: 5 | B6: 20260215-012 | C6: 46068 | D6: 46083 | E6: 已辦驗 | F6: 0 | G6: 0 | H6: =F6+G6 -> 0 | I6: 14.72
A7: 6 | B7: 20260218-001 | C7: 46071 | D7: 46083 | E7: 已辦驗 | F7: 0 | G7: 0 | H7: =F7+G7 -> 0 | I7: 12.18
A8: 7 | B8: 20260218-008 | C8: 46071 | D8: 46083 | E8: 已辦驗 | F8: 0 | G8: 0 | H8: =F8+G8 -> 0 | I8: 11.88
A9: 8 | B9: 20260219-002 | C9: 46072 | D9: 46083 | E9: 已辦驗 | F9: 0 | G9: 0 | H9: =F9+G9 -> 0 | I9: 10.74
A10: 9 | B10: 20260220-002 | C10: 46073 | D10: 46083 | E10: 已辦驗 | F10: 0 | G10: 0 | H10: =F10+G10 -> 0 | I10: 10.57
A11: 10 | B11: 20260223-023 | C11: 46076 | D11: 46083 | E11: 已辦驗 | F11: 0 | G11: 0 | H11: =F11+G11 -> 0 | I11: 7.08
A12: 11 | B12: 20260223-047 | C12: 46076 | D12: 46083 | E12: 已辦驗 | F12: 0 | G12: 0 | H12: =F12+G12 -> 0 | I12: 7.06
A13: 12 | B13: 20260223-049 | C13: 46076 | D13: 46083 | E13: 已辦驗 | F13: 0 | G13: 0 | H13: =F13+G13 -> 0 | I13: 7.06
... A210: 209 | B210: 20260331-002 | C210: 46112 | D210: 46112 | E210: 已辦驗 | F210: 0 | G210: 0 | H210: =F210+G210 -> 0 | I210: 0.03
A211: 小計 | F211: =SUM(F2:F210) -> 0 | G211: =SUM(G2:G210) -> 0 | H211: =SUM(H2:H210) -> 0 | I211: =SUM(I2:I210) -> 483.07
A212: 結案數 | B212: =COUNTA(B2:B210) -> 209 | C212: 總天數 | D212: =SUM(I2:I210) -> 483.07 | E212: 平均天數 | F212: =AVERAGE(I2:I210) -> 2.3113397

Sheet 4月明細
A1: 序號 | B1: 報修單編號 | C1: 報修日期 | D1: 完工時間 | E1: 處理狀態 | F1: 維修費用 | G1: 委外費用 | H1: 合計費用 | I1: 結案天數 | J1: 備註
A2: 1 | B2: 20260309-004 | C2: 46090 | D2: 46125 | E2: 已辦驗 | F2: 0 | G2: 0 | H2: =F2+G2 -> 0 | I2: 35.18
A3: 2 | B3: 20260322-005 | C3: 46103 | D3: 46122 | E3: 已辦驗 | F3: 0 | G3: 0 | H3: =F3+G3 -> 0 | I3: 19.04
A4: 3 | B4: 20260325-002 | C4: 46106 | D4: 46122 | E4: 已辦驗 | F4: 0 | G4: 0 | H4: =F4+G4 -> 0 | I4: 15.62
A5: 4 | B5: 20260329-002 | C5: 46110 | D5: 46125 | E5: 已辦驗 | F5: 0 | G5: 0 | H5: =F5+G5 -> 0 | I5: 14.92
A6: 5 | B6: 20260401-001 | C6: 46113 | D6: 46113 | E6: 已辦驗 | F6: 0 | G6: 0 | H6: =F6+G6 -> 0 | I6: 0.33
A7: 6 | B7: 20260401-002 | C7: 46113 | D7: 46113 | E7: 已辦驗 | F7: 0 | G7: 0 | H7: =F7+G7 -> 0 | I7: 0.26
A8: 7 | B8: 20260401-003 | C8: 46113 | D8: 46113 | E8: 已辦驗 | F8: 0 | G8: 0 | H8: =F8+G8 -> 0 | I8: 0.21
A9: 8 | B9: 20260401-004 | C9: 46113 | D9: 46122 | E9: 已辦驗 | F9: 0 | G9: 0 | H9: =F9+G9 -> 0 | I9: 8.96
A10: 9 | B10: 20260401-005 | C10: 46113 | D10: 46113 | E10: 已辦驗 | F10: 0 | G10: 0 | H10: =F10+G10 -> 0 | I10: 0.18
A11: 10 | B11: 20260401-006 | C11: 46113 | D11: 46113 | E11: 已辦驗 | F11: 0 | G11: 0 | H11: =F11+G11 -> 0 | I11: 0.18
A12: 11 | B12: 20260401-007 | C12: 46113 | D12: 46125 | E12: 已辦驗 | F12: 0 | G12: 0 | H12: =F12+G12 -> 0 | I12: 11.7
A13: 12 | B13: 20260402-002 | C13: 46114 | D13: 46114 | E13: 已辦驗 | F13: 0 | G13: 0 | H13: =F13+G13 -> 0 | I13: 0.28
... A122: 121 | B122: In202604-081 | C122: 46139 | D122: 46140 | E122: 已辦驗 | F122: 0 | G122: 0 | H122: =F122+G122 -> 0 | I122: 0.83
A123: 小計 | F123: =SUM(F2:F122) -> 0 | G123: =SUM(G2:G122) -> 0 | H123: =SUM(H2:H122) -> 0 | I123: =SUM(I2:I122) -> 233.15
A124: 結案數 | B124: =COUNTA(B2:B122) -> 121 | C124: 總天數 | D124: =SUM(I2:I122) -> 233.15 | E124: 平均天數 | F124: =AVERAGE(I2:I122) -> 1.9268595

Sheet 5月明細
A1: 序號 | B1: 報修單編號 | C1: 報修日期 | D1: 完工時間 | E1: 處理狀態 | F1: 維修費用 | G1: 委外費用 | H1: 合計費用 | I1: 結案天數 | J1: 備註
A2: 1 | B2: In202604-075 | C2: 46139 | D2: 46147 | E2: 已辦驗 | F2: 0 | G2: 0 | H2: =F2+G2 -> 0 | I2: 8.05
A3: 2 | B3: In202604-077 | C3: 46139 | D3: 46147 | E3: 已辦驗 | F3: 0 | G3: 0 | H3: =F3+G3 -> 0 | I3: 7.94
A4: 3 | B4: In202604-079 | C4: 46139 | D4: 46147 | E4: 已辦驗 | F4: 0 | G4: 0 | H4: =F4+G4 -> 0 | I4: 7.91
A5: 4 | B5: In202604-080 | C5: 46139 | D5: 46147 | E5: 已辦驗 | F5: 0 | G5: 0 | H5: =F5+G5 -> 0 | I5: 7.91
A6: 5 | B6: In202604-082 | C6: 46139 | D6: 46147 | E6: 已辦驗 | F6: 0 | G6: 0 | H6: =F6+G6 -> 0 | I6: 7.88
A7: 6 | B7: In202604-083 | C7: 46140 | D7: 46147 | E7: 已辦驗 | F7: 0 | G7: 0 | H7: =F7+G7 -> 0 | I7: 7.01
A8: 7 | B8: In202604-084 | C8: 46140 | D8: 46147 | E8: 已辦驗 | F8: 0 | G8: 0 | H8: =F8+G8 -> 0 | I8: 6.99
A9: 8 | B9: In202604-086 | C9: 46140 | D9: 46147 | E9: 已辦驗 | F9: 0 | G9: 0 | H9: =F9+G9 -> 0 | I9: 6.99
A10: 9 | B10: In202604-085 | C10: 46140 | D10: 46147 | E10: 已辦驗 | F10: 0 | G10: 0 | H10: =F10+G10 -> 0 | I10: 6.98
A11: 10 | B11: In202604-092 | C11: 46141 | D11: 46148 | E11: 已辦驗 | F11: 0 | G11: 0 | H11: =F11+G11 -> 0 | I11: 7.13
A12: 11 | B12: In202604-093 | C12: 46141 | D12: 46147 | E12: 已辦驗 | F12: 0 | G12: 0 | H12: =F12+G12 -> 0 | I12: 5.84
A13: 12 | B13: In202604-096 | C13: 46141 | D13: 46147 | E13: 已辦驗 | F13: 0 | G13: 0 | H13: =F13+G13 -> 0 | I13: 5.81
... A53: 52 | B53: In202605-047 | C53: 46148 | D53: 46148 | E53: 已辦驗 | F53: 0 | G53: 0 | H53: =F53+G53 -> 0 | I53: 0.24
A54: 小計 | F54: =SUM(F2:F53) -> 0 | G54: =SUM(G2:G53) -> 0 | H54: =SUM(H2:H53) -> 0 | I54: =SUM(I2:I53) -> 194.37
A55: 結案數 | B55: =COUNTA(B2:B53) -> 52 | C55: 總天數 | D55: =SUM(I2:I53) -> 194.37 | E55: 平均天數 | F55: =AVERAGE(I2:I53) -> 3.7378846
