Workbook

Sheet 2026年報修統計
A1: 飯店工務報修 — 2026年報修統計
A2: 商場報修維護事項 | B2: 1月 | C2: 2月 | D2: 3月 | E2: 4月 | F2: 5月 | G2: 6月 | H2: 7月 | I2: 8月 | J2: 9月 | K2: 10月 | L2: 11月 | M2: 12月
A3: ① 截至上月底累計未結案數 | B3: 0 | C3: 45 | D3: 151 | E3: 169 | F3: 254
A4: ② 其中本月已結案數 | B4: 0 | C4: 27 | D4: 29 | E4: 4 | F4: 22
A5: ③ 本月底仍未結案數（① - ②） | B5: =IF(B3="","",B3-B4) -> 0 | C5: =IF(C3="","",C3-C4) -> 18 | D5: =IF(D3="","",D3-D4) -> 122 | E5: =IF(E3="","",E3-E4) -> 165 | F5: =IF(F3="","",F3-F4) -> 232 | G5: =IF(G3="","",G3-G4) | H5: =IF(H3="","",H3-H4) | I5: =IF(I3="","",I3-I4) | ... M5: =IF(M3="","",M3-M4)
A6: ④ 累計項目完成率（%） | C6: =IFERROR(IF(C7="","",(SUM($B$4:C4)+SUM($B$8:C8))/SUM($B$7:C7)),"") -> 0.7568438 | D6: =IFERROR(IF(D7="","",(SUM($B$4:D4)+SUM($B$8:D8))/SUM($B$7:D7)),"") -> 0.80070755 | E6: =IFERROR(IF(E7="","",(SUM($B$4:E4)+SUM($B$8:E8))/SUM($B$7:E7)),"") -> 0.75901328 | F6: =IFERROR(IF(F7="","",(SUM($B$4:F4)+SUM($B$8:F8))/SUM($B$7:F7)),"") -> 0.74280732 | G6: =IFERROR(IF(G7="","",(SUM($B$4:G4)+SUM($B$8:G8))/SUM($B$7:G7)),"") | H6: =IFERROR(IF(H7="","",(SUM($B$4:H4)+SUM($B$8:H8))/SUM($B$7:H7)),"") | I6: =IFERROR(IF(I7="","",(SUM($B$4:I4)+SUM($B$8:I8))/SUM($B$7:I7)),"") | J6: =IFERROR(IF(J7="","",(SUM($B$4:J4)+SUM($B$8:J8))/SUM($B$7:J7)),"") | ... M6: =IFERROR(IF(M7="","",(SUM($B$4:M4)+SUM($B$8:M8))/SUM($B$7:M7)),"")
A7: ⑤ 本月報修項目數 | B7: 285 | C7: 336 | D7: 227 | E7: 206 | F7: 93
A8: ⑥ 本月報修項目完成數 | B8: 240 | C8: 203 | D8: 180 | E8: 117 | F8: 30
A9: ⑦ 本月未完成數 | B9: =IF(B7="","",B7-B8) -> 45 | C9: =IF(C7="","",C7-C8) -> 133 | D9: =IF(D7="","",D7-D8) -> 47 | E9: =IF(E7="","",E7-E8) -> 89 | F9: =IF(F7="","",F7-F8) -> 63 | G9: =IF(G7="","",G7-G8) | H9: =IF(H7="","",H7-H8) | I9: =IF(I7="","",I7-I8) | ... M9: =IF(M7="","",M7-M8)
A10: ⑧ 本月報修項目完成率（%） | B10: =IFERROR(IF(B7="","",B8/B7),"") -> 0.84210526 | C10: =IFERROR(IF(C7="","",C8/C7),"") -> 0.60416667 | D10: =IFERROR(IF(D7="","",D8/D7),"") -> 0.79295154 | E10: =IFERROR(IF(E7="","",E8/E7),"") -> 0.56796117 | F10: =IFERROR(IF(F7="","",F8/F7),"") -> 0.32258065 | G10: =IFERROR(IF(G7="","",G8/G7),"") | H10: =IFERROR(IF(H7="","",H8/H7),"") | I10: =IFERROR(IF(I7="","",I8/I7),"") | ... M10: =IFERROR(IF(M7="","",M8/M7),"")
A12: 【④ 公式說明】 1月空白（系統上線首月，無累計基礎）。2月起：Σ（②+⑥）÷ Σ⑤ 其中 ②=舊案本月結案、⑥=新案本月結案、⑤=本月報修總數，均從1月累計至當月
A13: H（歷史基數，已停用 — 僅供「完成率比較」Sheet 參考） | B13: 1322 | C13: ← ④ 已改為純2026算法（Σ⑥ ÷ Σ⑤），H 值不再使用於主表
A15: ■ 藍色 = 輸入值（可修改） | D15: ■ 黑色 = 公式（自動計算，勿直接修改） | H15: ■ 黃底 = 關鍵假設（H 值）

Sheet 完成率比較
A1: 飯店工務報修 — 2026年累計完成率算法比較
A3: 算法 / 月份 | B3: 1月 | C3: 2月 | D3: 3月 | E3: 4月 | F3: 5月 | G3: 6月 | H3: 7月 | I3: 8月 | J3: 9月 | K3: 10月 | L3: 11月 | M3: 12月
A4: 舊算法④ 含 H=1,322 歷史基數（停用，僅供對照） | B4: =IFERROR(IF('2026年報修統計'!B7="","",('2026年報修統計'!$B$13+SUM('2026年報修統計'!$B$4:B4)+SUM('2026年報修統計'!$B$8:B8))/('2026年報修統計'!$B$13+SUM('2026年報修統計'!$B$7:B7))),"") -> 0.97199751 | C4: =IFERROR(IF('2026年報修統計'!C7="","",('2026年報修統計'!$B$13+SUM('2026年報修統計'!$B$4:C4)+SUM('2026年報修統計'!$B$8:C8))/('2026年報修統計'!$B$13+SUM('2026年報修統計'!$B$7:C7))),"") -> 0.92228513 | D4: =IFERROR(IF('2026年報修統計'!D7="","",('2026年報修統計'!$B$13+SUM('2026年報修統計'!$B$4:D4)+SUM('2026年報修統計'!$B$8:D8))/('2026年報修統計'!$B$13+SUM('2026年報修統計'!$B$7:D7))),"") -> 0.92211982 | E4: =IFERROR(IF('2026年報修統計'!E7="","",('2026年報修統計'!$B$13+SUM('2026年報修統計'!$B$4:E4)+SUM('2026年報修統計'!$B$8:E8))/('2026年報修統計'!$B$13+SUM('2026年報修統計'!$B$7:E7))),"") -> 0.89309764 | F4: =IFERROR(IF('2026年報修統計'!F7="","",('2026年報修統計'!$B$13+SUM('2026年報修統計'!$B$4:F4)+SUM('2026年報修統計'!$B$8:F8))/('2026年報修統計'!$B$13+SUM('2026年報修統計'!$B$7:F7))),"") -> 0.88051843 | G4: =IFERROR(IF('2026年報修統計'!G7="","",('2026年報修統計'!$B$13+SUM('2026年報修統計'!$B$4:G4)+SUM('2026年報修統計'!$B$8:G8))/('2026年報修統計'!$B$13+SUM('2026年報修統計'!$B$7:G7))),"") | H4: =IFERROR(IF('2026年報修統計'!H7="","",('2026年報修統計'!$B$13+SUM('2026年報修統計'!$B$4:H4)+SUM('2026年報修統計'!$B$8:H8))/('2026年報修統計'!$B$13+SUM('2026年報修統計'!$B$7:H7))),"") | I4: =IFERROR(IF('2026年報修統計'!I7="","",('2026年報修統計'!$B$13+SUM('2026年報修統計'!$B$4:I4)+SUM('2026年報修統計'!$B$8:I8))/('2026年報修統計'!$B$13+SUM('2026年報修統計'!$B$7:I7))),"") | ... M4: =IFERROR(IF('2026年報修統計'!M7="","",('2026年報修統計'!$B$13+SUM('2026年報修統計'!$B$4:M4)+SUM('2026年報修統計'!$B$8:M8))/('2026年報修統計'!$B$13+SUM('2026年報修統計'!$B$7:M7))),"")
A5: ★ 現行④ 純2026：Σ(②+⑥) ÷ Σ⑤，1月空白 | C5: =IFERROR(IF('2026年報修統計'!C7="","",(SUM('2026年報修統計'!$B$4:C4)+SUM('2026年報修統計'!$B$8:C8))/SUM('2026年報修統計'!$B$7:C7)),"") -> 0.7568438 | D5: =IFERROR(IF('2026年報修統計'!D7="","",(SUM('2026年報修統計'!$B$4:D4)+SUM('2026年報修統計'!$B$8:D8))/SUM('2026年報修統計'!$B$7:D7)),"") -> 0.80070755 | E5: =IFERROR(IF('2026年報修統計'!E7="","",(SUM('2026年報修統計'!$B$4:E4)+SUM('2026年報修統計'!$B$8:E8))/SUM('2026年報修統計'!$B$7:E7)),"") -> 0.75901328 | F5: =IFERROR(IF('2026年報修統計'!F7="","",(SUM('2026年報修統計'!$B$4:F4)+SUM('2026年報修統計'!$B$8:F8))/SUM('2026年報修統計'!$B$7:F7)),"") -> 0.74280732 | G5: =IFERROR(IF('2026年報修統計'!G7="","",(SUM('2026年報修統計'!$B$4:G4)+SUM('2026年報修統計'!$B$8:G8))/SUM('2026年報修統計'!$B$7:G7)),"") | H5: =IFERROR(IF('2026年報修統計'!H7="","",(SUM('2026年報修統計'!$B$4:H4)+SUM('2026年報修統計'!$B$8:H8))/SUM('2026年報修統計'!$B$7:H7)),"") | I5: =IFERROR(IF('2026年報修統計'!I7="","",(SUM('2026年報修統計'!$B$4:I4)+SUM('2026年報修統計'!$B$8:I8))/SUM('2026年報修統計'!$B$7:I7)),"") | J5: =IFERROR(IF('2026年報修統計'!J7="","",(SUM('2026年報修統計'!$B$4:J4)+SUM('2026年報修統計'!$B$8:J8))/SUM('2026年報修統計'!$B$7:J7)),"") | ... M5: =IFERROR(IF('2026年報修統計'!M7="","",(SUM('2026年報修統計'!$B$4:M4)+SUM('2026年報修統計'!$B$8:M8))/SUM('2026年報修統計'!$B$7:M7)),"")
A6: 差異 原始④ - 做法B（正值=原始偏高） | B6: =IFERROR(IF(OR(B4="",B5=""),"",B4-B5),"") | C6: =IFERROR(IF(OR(C4="",C5=""),"",C4-C5),"") -> 0.16544133 | D6: =IFERROR(IF(OR(D4="",D5=""),"",D4-D5),"") -> 0.12141227 | E6: =IFERROR(IF(OR(E4="",E5=""),"",E4-E5),"") -> 0.13408436 | F6: =IFERROR(IF(OR(F4="",F5=""),"",F4-F5),"") -> 0.13771111 | G6: =IFERROR(IF(OR(G4="",G5=""),"",G4-G5),"") | H6: =IFERROR(IF(OR(H4="",H5=""),"",H4-H5),"") | I6: =IFERROR(IF(OR(I4="",I5=""),"",I4-I5),"") | ... M6: =IFERROR(IF(OR(M4="",M5=""),"",M4-M5),"")
A8: 【現行④ 公式】 2月起：分子 = Σ②（累計舊案結案）＋ Σ⑥（累計新案結案） 分母 = Σ⑤（累計報修） 1月空白（系統上線首月）
A9: ⑤ 本月報修項目數（輸入值） | B9: ='2026年報修統計'!B7 -> 285 | C9: ='2026年報修統計'!C7 -> 336 | D9: ='2026年報修統計'!D7 -> 227 | E9: ='2026年報修統計'!E7 -> 206 | F9: ='2026年報修統計'!F7 -> 93 | G9: ='2026年報修統計'!G7 -> 0 | H9: ='2026年報修統計'!H7 -> 0 | I9: ='2026年報修統計'!I7 -> 0 | ... M9: ='2026年報修統計'!M7 -> 0
A10: ⑥ 本月報修中已完工數（輸入值） | B10: ='2026年報修統計'!B8 -> 240 | C10: ='2026年報修統計'!C8 -> 203 | D10: ='2026年報修統計'!D8 -> 180 | E10: ='2026年報修統計'!E8 -> 117 | F10: ='2026年報修統計'!F8 -> 30 | G10: ='2026年報修統計'!G8 -> 0 | H10: ='2026年報修統計'!H8 -> 0 | I10: ='2026年報修統計'!I8 -> 0 | ... M10: ='2026年報修統計'!M8 -> 0
A11: Σ⑤ 累計報修（做法B 分母） | B11: =IFERROR(IF('2026年報修統計'!B7="","",SUM('2026年報修統計'!$B$7:B7)),"") -> 285 | C11: =IFERROR(IF('2026年報修統計'!C7="","",SUM('2026年報修統計'!$B$7:C7)),"") -> 621 | D11: =IFERROR(IF('2026年報修統計'!D7="","",SUM('2026年報修統計'!$B$7:D7)),"") -> 848 | E11: =IFERROR(IF('2026年報修統計'!E7="","",SUM('2026年報修統計'!$B$7:E7)),"") -> 1054 | F11: =IFERROR(IF('2026年報修統計'!F7="","",SUM('2026年報修統計'!$B$7:F7)),"") -> 1147 | G11: =IFERROR(IF('2026年報修統計'!G7="","",SUM('2026年報修統計'!$B$7:G7)),"") | H11: =IFERROR(IF('2026年報修統計'!H7="","",SUM('2026年報修統計'!$B$7:H7)),"") | I11: =IFERROR(IF('2026年報修統計'!I7="","",SUM('2026年報修統計'!$B$7:I7)),"") | ... M11: =IFERROR(IF('2026年報修統計'!M7="","",SUM('2026年報修統計'!$B$7:M7)),"")
A12: Σ⑥ 累計完工（做法B 分子） | B12: =IFERROR(IF('2026年報修統計'!B8="","",SUM('2026年報修統計'!$B$8:B8)),"") -> 240 | C12: =IFERROR(IF('2026年報修統計'!C8="","",SUM('2026年報修統計'!$B$8:C8)),"") -> 443 | D12: =IFERROR(IF('2026年報修統計'!D8="","",SUM('2026年報修統計'!$B$8:D8)),"") -> 623 | E12: =IFERROR(IF('2026年報修統計'!E8="","",SUM('2026年報修統計'!$B$8:E8)),"") -> 740 | F12: =IFERROR(IF('2026年報修統計'!F8="","",SUM('2026年報修統計'!$B$8:F8)),"") -> 770 | G12: =IFERROR(IF('2026年報修統計'!G8="","",SUM('2026年報修統計'!$B$8:G8)),"") | H12: =IFERROR(IF('2026年報修統計'!H8="","",SUM('2026年報修統計'!$B$8:H8)),"") | I12: =IFERROR(IF('2026年報修統計'!I8="","",SUM('2026年報修統計'!$B$8:I8)),"") | ... M12: =IFERROR(IF('2026年報修統計'!M8="","",SUM('2026年報修統計'!$B$8:M8)),"")
